Nome,Luogo,Like,Descrizione,Data,Ora,Followers,NumImmagini,Numero di Parole,Numero di Emoticon,Numero di Menzioni,Numero di Hashtag,Associazione a luogo,Occorrenze del Luogo
unlimitedtahiti,None,1191,Let the magic happen in Moorea â¤  Great picture by @kelsealoha â¤ . Founders: jerry_and_lucy ğŸ‘‹ DM for promotions / collaborations or send an email at unlimitedvisibility@gmail.com ğŸ‘ . Follow unlimitedtahiti for more great content about Tahiti â¤ Dear followers please add #unlimitedtahiti to your best pictures of #tahiti to have a chance to be featured ğŸ‘ . #polynesia #frenchpolynesia #polynesie #tahitianvibes #tahitilife #tahitibeach #tahititourisme #paradise #paradiseisland #turquoise #paradisebeach #oceania #pacific #pacificislands #paradiseisland #ig_oceania #pacificocean #loves_oceania #paradiselost #paradiselove #beachlife #beachlove #ğŸ‡¨ğŸ‡­ #polinesiafrancesa #moorea #mooreaisland,2024-11-10,11:15,173769,1,84,6,1,27,False,0
youronlinevacation,None,1651,The most scenic flight in the world ğŸŒâœˆï¸ ğ…ğ¨ğ¥ğ¥ğ¨ğ° ğŸğ¨ğ« ğ¦ğ¨ğ«ğ ğ­ğ«ğšğ¯ğğ¥ ğœğ¨ğ§ğ­ğğ§ğ­ @youronlinevacation ğŸ‘©â€ğŸ’» â€¢ â€¢ â€¢ â€¢ â€¢ ğ‚ğ«ğğğ¢ğ­ğ¬ @adrianserwin â€¢ â€¢ â€¢ â€¢ (#) #travel #vacation #travelgram #wanderlust #travelphotography #travelblogger #instatravel #travelling #holiday #explore #traveling #adventure #traveladdict #traveltheworld #tourism #instavacation #trip #getaway #exploremore #tourist #traveller #passportready #vacationmode #beautifuldestinations #globetrotter #travelawesome,2024-12-04,21:57,38993,1,53,4,2,26,False,0
asiaandbeyond,Krabi,2145,"Have You Ever Visited Krabi Province, Thailand? ğŸŒ¿ After Living In Thailand For 15 Years, Iâ€™ve Been Lucky Enough To Explore Many Of The Countries Stunning Landscapes. Krabi Has Always Been A Favourite For So Many Reasonsâ€¦ Hereâ€™s Some Of My Shots From One Of Thailandâ€™s Most Beautiful Areas. ğŸ‡¹ğŸ‡­ â€¢ #krabi #krabithailand #krabibeach #krabitrip #krabitown #aonang #aonangbeach #thailand #thailandtravel #ultimatethailand #thailandonly #southeastasia #asiaandbeyond #explorethailand #backpacker #luxurytravels #experiencetravel",2024-11-18,09:24,831783,13,68,1,0,17,True,15
kirvanb,Mentawai Islands,9794,My Mentawai season is a wrap. Grateful for the people I met along the way. Special thanks to @htsresort @siloinasurfcharter @saltedmemoirs @vncetc @liamthereturner @em4shaw @mentawaisurfco,2024-11-22,12:50,65727,1,25,0,7,0,False,2
luxuryprojeto,Malasia,850,Welcome to malasia,2024-12-18,08:49,7.098,7,3,0,0,0,True,2
dominicanrepublic,None,247,This is your sign to visit Dominican RepublicğŸ¤©ğŸ‡©ğŸ‡´  Share with us your favorite place in Dominican Republic!ğŸ‘‡  Credits to: @conociendo_dr ğŸ“Dominican Republic,2024-12-16,21:46,69492,1,22,3,1,0,False,0
hawaiivolcanic,"North Shore, Haleiwa, Hawaii",341,Happy Aloha Friday from Waimea Bay on the North Shore of OahuğŸï¸ğŸª¨ğŸ’¦#HawaiiVolcanic ğŸ“¸@ryzone,2024-12-14,01:43,35102,1,13,4,0,1,False,2
hawaiivolcanic,"North Shore, Haleiwa, Hawaii",341,Happy Aloha Friday from Waimea Bay on the North Shore of OahuğŸï¸ğŸª¨ğŸ’¦#HawaiiVolcanic ğŸ“¸@ryzone,2024-12-14,01:43,35102,1,13,4,0,1,False,2
sequoiaparksconservancy,None,536,"Sequoia and Kings National Parks where every trail leads to a new discovery. ğŸŒ²ğŸ¥¾â  â  Join us tomorrow, December 14, 2024, for the Christmas Bird Count and uncover a new experience in these majestic parks. After the count, meet us at @kaweahcoffeeroasters to debrief and connect with fellow bird enthusiasts! ğŸ¦â˜•â  â  See you there!",2024-12-13,22:17,33779,1,55,4,1,0,False,0
backpackerdestinationn,Grand Teton National Park,333,The Tetons are a Winter Wonderland. AGREE? . Follow @backpackerdestinationn Follow @backpackerdestinationn . ğŸ“¸ @rob.phillips.photography . . . . . . #backpackerdestinationn #grandtetonnationalpark #grandteton #explorewyoming #nationalpark #nationalparkservice #nationalparkphotography #nationalparks #radparks #findyourpark #nationalparkgeek #nps #everykidinapark #nationalparklife #nationalparksusa #nationalparklover #nationalparklove #nationalparkobsessed #usnationalparks #usparksandmonuments #weareparks #parklife #parks #protectourpubliclands #publiclandowner #goparks #nationalparkweek #national_park_photography #publiclands #keepitwild,2024-12-19,13:25,31652,4,51,1,3,30,False,16
westernaustralia,"Warrora Station, WA",5809,"Where the outback meets the oceanâ€”natureâ€™s perfect mash-up on the Coral Coast! ğŸŒ¾ğŸŒŠ  Who knew a station stay at @Warroora_Station could come with a side of ocean views and adventure?  ğŸ“: Warroora Station on Baiyungu Country, located between Carnarvon and Exmouth on the Ningaloo (Nyinggulu) Coast | @AustraliasCoralCoast  ğŸ“¸: @outwithstout_ in #WAtheDreamState  â„¹ï¸: See comments",2024-12-15,06:49,657000,1,55,5,3,1,False,0
dolomites,Cadini di Misurina,4843,"ğŸŒ„âœ¨ After sunset, the Cadini di Misurina transform into a true spectacle of nature. Their sharp profiles are painted in shades of magenta and blue, while the sky lights up with stars. Itâ€™s a magical moment where the tranquility of the mountains and the silence of the night blend into an unforgettable embrace.  Share your emotions and photos of this enchanting place with us! ğŸ“¸ #Dolomites  ğŸ“· @samuel_lesko  #CadiniDiMisurina #SunsetMagic #NatureLovers #MountainLife",2024-12-02,20:19,184820,1,72,4,1,5,True,4
withluke,Black Friday Sale,20739,"Last 24 hours to get 50% off my lightroom presets and masterclasses, available for desktop & mobile âœ¨  #editing #photography",2024-12-01,18:13,1280117,6,20,1,0,2,False,0
mountainkimbo,None,612,"â€œEverybody needs beauty as well as bread, places to play in and pray in, where nature may heal and give strength to body and soul.â€ ğŸ“Yosemite",2024-12-18,21:03,69210,1,26,1,0,0,False,0
awonderseeker,Sri Lanka,2258,"Quiet mornings in southern Sri Lanka âœ¨ğŸ‡±ğŸ‡°  ğŸ“Tangalle, Sri Lanka  #srilanka #srilankatravel #srilankatrip #travelphotography #mirissa #mirissabeach",2024-10-24,12:11,9714,6,16,2,0,6,True,4
hawaii.travelers,None,1554,Discover the stunning landscapes of Hawaii with @kysoncurammeng where lush rainforests meet dramatic coastlines. ğŸ™ŒğŸƒ  Which landscape captivates you the most: the volcanic craters or the vibrant beaches?  ğŸ“Hawaii,2024-11-10,19:17,289083,3,29,3,1,0,False,0
asiaandbeyond,"La Digue, Seychelles",2829,Quiet Moments In Paradiseâ€¦ I Couldnâ€™t Believe I Had This Beach All To Myself That Morning In July. ğŸï¸ â€¢ #seychelles #seychellesisland #seychellesislands #seychellesbeach #ladigue #ladigueisland #asiaandbeyond #seychellestourism #visitseychelles #paradiseawaits #travelalone,2024-09-25,11:44,831783,4,31,1,0,11,False,6
withluke,Faroe Islands,15917,"Faroesian Greens ğŸƒ  My adventures in the Faroe Islands were Captured using my 320GB @LexarMemory CFexpress Type A GOLD Cards. Using Lexar CFexpress enables me to capture with confidence, speed and reliability so that my images are secure in any conditions.  #Lexar #LexarCFexpress #LexarGOLD #LexarAmbassador",2024-12-12,18:42,1280118,4,45,1,1,4,True,3
the_wanderinglens,None,399,"My week here was something I reflect on almost daily, and still find it hard to express how relaxing, creatively inspiring, cup-filling, and healthy it felt to be surrounded by vast landscapes, fresh air, and days of complete exploration and adventure with my camera. San Pedro de Atacama, the Atacama Desert and Andean Altiplano are a photographer's dream, and the team at @awasiexperience helped to turn my itinerary ideas into reality - thank you to our guide Cecilia!  Photographed with the OM-1 MKII by @omsystem.cameras  #awasiatacama #chiletravel #landscapephotography #hotelphotographer #travelphotographer #atacamadesert #lincancaburvolcano #itsinournature",2024-11-24,19:00,34275,1,93,0,2,8,False,0
dennispolklaeserphotography,Faroe Islands,457,A small collection of my most favorite images from #faroeislands,2024-12-13,05:58,69502,10,10,0,0,1,False,1
captiv_8,"New York, New York",574,NYC woke up to some snow this morning on the first day of winter â„ï¸ğŸ¥¶ Were you out in the snow? I wasnâ€™t able to but happy for everyone that was. Here are some shots from the last time we had measurable snow in December â€¢ â€¢ #snow #nycsnow #sunrisephotography #nycskyline #nycphotographer #nycphotography #sunrise #snowlover #newyorkcity #nyclife #secretnyc #nybucketlist #nikon #nikoncreators #bucketlistlocation #midtown #seeyourcity,2024-12-21,18:21,35412,3,64,2,0,17,False,0
stephenbayphoto,"Point Loma, San Diego",338,Classic view of the sunrise this morning from Point Loma (6:11am). I didn't really want to wake up this early but my friends convinced me it would be a good sunrise. Maybe too good as I think I used up my limit of red colors in my photo portfolio. This is a crop of a 6 shot pano because I like zooming in. Original is panoramic in aspect ratio #sandiego #sunrise @skyline #cityscape #pointloma #MySDPhoto @sandiegophotos @sdsunsetchasers @sdsunsetchasers,2024-12-11,16:35,18391,1,78,0,4,5,False,2
jessicarachelg,Swinsty Reservoir,376,"Last light at Swinsty yesterday evening. It was my grandmas favourite place, and my sanctuary during lockdown walks. Holds a very special place in my heart. ğŸ¤",2024-11-12,21:09,23808,3,27,1,0,0,False,1
dennispolklaeserphotography,Norway,458,"[ ... til asgard ]  #Norway, September 2024",2024-11-25,20:34,69502,2,8,0,0,1,True,3
maneramagazine,Guadalaja,2125,"EN EL ESTUDIO DEâ€¦ CÃ©sar BÃ©jar (@cesarbejarstudio )  CÃ©sar BÃ©jar es un arquitecto y fotÃ³grafo mexicano que fusiona ambas disciplinas en su trabajo. Desde su estudio en Guadalajara, ha desarrollado proyectos arquitectÃ³nicos que destacan por su armonÃ­a con el entorno natural y su compromiso con la sostenibilidad. Sus edificios, desde las costas de Jalisco hasta la Ciudad de MÃ©xico, son un reflejo de su visiÃ³n de una arquitectura sensible al contexto. Paralelamente, BÃ©jar es reconocido como un fotÃ³grafo de arquitectura de gran talento. Ha colaborado con arquitectos internacionales y documentado proyectos en diversos paÃ­ses. Su obra fotogrÃ¡fica, expuesta en importantes galerÃ­as, captura la esencia de cada espacio con una sensibilidad Ãºnica, que resalta la luz, la textura y la emociÃ³n de la arquitectura.  Descubre mÃ¡s interiores como este suscribiÃ©ndote a nuestra newsletter â€˜LA LISTA MANERA MÃ‰XICOâ€˜ en nuestra web y recÃ­bela cada Viernes.  #lalistamanera #lalistamaneramexico #maneramagazine #newsletter #CÃ©sarBÃ©jar",2024-12-20,16:50,85086,10,148,0,0,5,True,1
divine_forest,None,1389,presents @kilianschoenberger  Chosen by @balu_4_you Tag your photo #divine_forest We look forward to sharing your forest passion. Divine Forest team: @falconforrest  @soulofthecamera @wanderblende @balu_4_you  #forest #forester #forestlife #forestlovers #woods #intothewoods #forestwalk #forest_captures #hike #hiking #naturephotography #naturelovers #adventure #explore #exploring #tree #trees #treehugger #treescollection #treestagram #treescape  #treeshunter #treeworld #treelovers,2024-12-21,23:04,332000,1,48,0,6,25,False,0
rshparchitects,"Shenzhen, Guangdong",1022,"Kingboard Qianhai Tower reaches its peak; with the faÃ§ade not far behind!  First look at the installation of Kingboard Qianhai Towerâ€™s two-tier shading louvres on its west faÃ§ade. Standing at 232m high, the towerâ€™s expressed structure, rear core, and sky garden levels bring articulation, breaking up the designâ€™s massing.  Ben Warner, Managing Director, RSHP Asia: â€œThe topping out of Kingboard Qianhai Tower, marks yet another important and exciting step for RSHP in Shenzhen. Generating an interesting interplay with the adjacent and already completed RSHPâ€™s Innotech campus. Its dynamic structure and crystalline facade will add yet another jewel to the thriving region of Qianhai. RSHP sincerely thanks our client for their continued support in making what will be a truly breathtaking landmark.â€  Richard Paul, Director, RSHP: â€œThe Kingboard Tower in Qianhai, Shenzhen, has reached a significant milestone, having recently topped out. The project now enters a transformative phase, as the shaded west-facing faÃ§ade continues to rise from the lower levels. Itâ€™s wonderful to see the meticulous attention to detail and precision demonstrated by the dedicated team bringing this ambitious project to life.â€  #Qianhai #Shenzhen #RSHPChina #ShenzhenArchitecture #Onsite #ToppingOut #RSHP",2024-12-09,20:22,65554,4,188,0,0,7,False,0
archrecordmag,None,250,"From the La Brea Tar Pitts to the Watts Towers to a venue that both cremates the deceased and offers outdoor screenings of Shrek 2, Los Angeles is not short on idiosyncratic cultural attractions.â  â  That last spot, Hollywood Forever, is a cemetery, mortuary, and cremation services provider first established in 1899. In 1998, the flailing memorial park was resuscitated by new ownership after suffering decades of vandalism, neglect, and scandal. Renamed Hollywood Forever, the property was cleaned up, added to the National Register of Historic Places the following year, and refashioned as a full-service cemetery and cultural center. Today, its programming rivals that of a major contemporary arts centerâ€”thereâ€™s a wildly popular outdoor summer movie series hosted on the Fairbanks Lawn and regular concerts and other performances held in the Masonic Lodge near the main gate. â  â  With all these goings-on, itâ€™s easy to forget that Hollywood Forever is an active burial ground confined to a compact swath of land in a dense urban area. Thereâ€™s nowhere to grow but up. The recently completed first phase of the Sunset Mausoleum project is enabling the cemetery to do just that.â  â  Rising above the eastern perimeter of the grounds is a 100-foot-tall vertical mausoleum constructed from poured-in-place concrete. Featuring large, cantilevered volumes suspended over Gower Street and a rooftop garden, the tremendously heavy but thin buildingâ€”a â€œtopographical landscapeâ€ as architects Michael Lehrer (@lehrerarchitects) and Roberto Sheinberg (@arq_y_di ) call itâ€”will ultimately be flanked by two similar structures to the north and south that will be completed during later phases. â  â  Read more at the link in our bio.â  â  Words by @mattyhick80â  Photos Â© @timgriffithphotoâ  .â  .â  .â  #architecture #arquitectura #arquitecturamoderna #architettura #å»ºç¯‰ #design #architecturelovers #archilovers #architects #architecturalphotography â #architecturephotography #instaarchitecture #architecture_magazine #archdaily #architect #architectureanddesign #architectural #architektur #architecturaldesign #instaarch",2024-12-20,19:16,86450,5,300,1,2,20,False,0
carriemeonmyway,"Patagonia, Chile",1076,Bachlorette but make it patagonia cowgirl ğŸğŸ¾,2024-10-14,18:26,25524,10,7,2,0,0,False,0
dreamcapturedimages,Utah,170,Hey! It's been a while ğŸ‘‹ Here's one of my favorite rocks in the Utah desert. The clouds were perfect on this day adding tons of depth to the sky â˜ï¸  @nikonusa Z7ii @nikonusa 14-24 S  #utah #utahisrad #utahphotographer #desert #sky #landscapephotography,2024-12-13,16:26,12374,1,42,2,2,6,True,9
mathiasklotzarquitecto,None,598,Edificio Arte Barra terminÃ¡ndose/ Klotz +Minond / La Barra / Punta del Este / Uruguay,2024-12-22,13:34,86990,10,15,0,0,0,False,0
kurtarrigo,None,2740,"As a yachting photographer, you dream of moments like thisâ€”50 knots of wind, gale-force chaos, and flying with world-class helicopter pilots. But once youâ€™re in itâ€¦ you canâ€™t help but question, â€œWhat did I sign up for?â€  This was the 2023 Rolex Sydney Hobart Yacht Race.  Thrown around in the chopper, flying through squalls, and battling to capture the raw power of the brutal conditions these brave sailors enduredâ€”it was relentless.  But honestly? It was incredible. Tracking yachts, working with the pilot, and freezing those epic moments in time made every bump and gust worth it.  These are the moments you live for..  Wishing all the sailors for the Rolex Sydney Hobart 2024 a safe passage. ğŸ’¨ . . #extreme memories @officialrolexsydneyhobart #sailing #lifeatsea #sea #prints #fineartprints #limitededition #wallpaper #design #interiors #wallart #oceanpower #moments #seaspray #sail #classicayachts #instagood #today #trending #freedom #yachtracing #space #yachting #nature #newday #newweek",2024-12-21,16:20,105000,13,147,1,1,26,False,0
visualsofjulius,Lyngen,1056,"Lyngen, Norway during polar night looks absolutely stunning. Especially after a 3 day blizzard, crisp -10 weather and a full moon riseğŸ˜  #norway #lyngen #lyngenalps #visitnorway #beautifuldestinations #norwayğŸ‡³ğŸ‡´ #photography",2024-12-23,11:11,410620,6,29,1,0,7,True,7
museofirenze,"Firenze, Piazza Del Duomo",4101,"ğŸ‡®ğŸ‡¹Quante facciate ha avuto il Duomo di Firenze â“ Ãˆ questo lâ€™#Artquiz di questa settimana.  âšœLa fronte architettonica che ammiriamo oggi, adorna di decine di statue e mosaici fu la prima o ne esistettero altre nel passato? Se conoscete la nostra storia la risposta non Ã¨ difficile, maâ€¦attenti a non essere frettolosi, perchÃ© potrebbero esserci dettagli che non avete considerato. Scegliete allora la risposta tra le seguenti!  Santa Maria del Fiore ha avuto: A: una facciata B: due facciate C: tre facciate  ğŸ‘‰Sabato sarÃ  Giovanni a darvi la risposta da una location speciale!  How many facades does the cathedral of Florence haveâ“ That's this week's #Artquiz.  âšœWas the architectural facade we admire today, adorned with dozens of statues and mosaics, the first, or were there others in the past? If you know our history, the answer is not difficult, but...be careful not to rush, as there may be details you have not considered. Then choose your answer from the following.  Santa Maria del Fiore had: A: one faÃ§ade B: two facades C: three facades  ğŸ‘‰On Saturday, Giovanni will give you the answer from a special place! â€¢â€¢â€¢ Ph. Antonio Quattrone - Opera di Santa Maria del FioreÂ©",2024-12-05,17:00,90816,1,197,7,0,2,False,1
sabryardore,"Golden Gate Bridge, San Francisco",126,"Sua maestÃ , il Golden Gate Bridge. âœ¨ . . . . . #goldengatebridge #goldengate #sanfrancisco #california #californialove #californiaexplored #contentcreator #travelblogger #sabryardore #visitsanfrancisco #myusa #usa #travelusa #usa #america #myamerica #american #sanfranciscobay #famousplaces #pacificocean #visitusa #visitcalifornia #discoverusa #doveviaggi #lonelyplanet #travelphotography #igersusa #igerscalifornia #travelusa #bornintheusa #sanfranciscoworld",2023-06-01,09:17,4216,1,43,1,0,31,False,4
desert_badger,"Sedona, Arizona",765,"Sedona shots from the weekend, including a slow burn sunset at the sacred pools along the Soldiers Pass Trail.  #sedona #visitarizona #thisisarizona #explorearizona #arizona",2024-12-18,18:44,42800,1,24,0,0,5,False,2
federicozerbin,"Firenze, Italia",10,Tuscan days âœ¨ â€¢ â€¢ â€¢ â€¢ â€¢ #firenze #florence #toscana #tuscany #italy #italia #weekend #travel #travelphotography #friends #food #foodporn #landscape #landscapephotography,2024-12-23,12:00,723,8,22,1,0,14,False,2
orma_di_jo,"Naples, Italy",1017,"Senza sogni, ti ritroverai solo a esistere. #Napoli",2024-12-16,19:54,39621,1,8,0,0,1,False,0
danilo_donzelli_fotografia,None,380,ğŸ’™SpaccağŸ’¥NapoliğŸ’™ #spaccanapoli #napoli #igersnapoli #naples #naplesitaly #visitnaples #visititaly #ig_italy #napolidavivere #napoli_photogroup #grandenapoli #napoletani #napolinelcuore #canonemeapro,2024-07-01,16:21,1860,1,15,3,0,14,True,1
nycity__ig,"New York, New York",26100,Winter Wonderland â„ï¸ â›„ï¸ New York ğŸ¤ ğŸ“¸: @marzenka_ . Tag someone who loves NYC â„ï¸ . . . . #newyork #newyorkcity #usa #nyc #snow #snowinnyc #snowinnewyork,2024-11-09,07:12,1750000,10,27,5,1,7,False,1
new_york_365,"New York, New York",33310,Winter NYC â›„ï¸ â„ï¸ ğŸ“¸: @mattpugs #newyork #newyorkcity #nyc,2024-11-30,11:34,170000,6,9,3,1,3,False,0
newfacesny,"New York, New York",9861,ğŸ—½â¤ï¸ NEW YORK OR NOWHERE! Tag someone who wants to visit New York ğŸ‘‡ğŸ‰ğŸ—½â¤ï¸ #newyork #nyc #brooklynbridge #manhattanbridge #newyorkskyline #summitonevanderbilt #empirestatebuilding #edgenyc #hudsonyards #topoftherock #rockefellercenter #unitednations #newyorkspots #visitnewyork #nyccontentcreator #newyorknewyork #brooklynbridgepark #dumbo #dumbobrooklyn #grandcentral #grandcentralterminal,2024-09-05,17:26,346000,1,35,6,0,21,False,2
france.enthusiast,"Paris, France",9751,Parisian Postcards â™¥ï¸âœ¨ Which is/are your favourite/s? ğŸ“¸ @explorewithele - #paris #parisjetaime #france #parigi #itssoparis,2024-11-02,00:52,52400,10,15,3,1,5,False,2
mokacapelli,Paris,674,"Panoramica dalla terrazza dellâ€™arco di Trionfo, Parigi #parigi#parigiğŸ—¼#pariginelcuore#parigiÃ¨sempreparigi#panorami#panoramisullacitta#phoenix_besttraveling#phoenix_besttravelling#france#landscape#landscapephotography#torreeiffel#torreeiffel#all_made_in_europe#all_made_in_france",2024-11-20,16:38,37500,4,8,1,0,15,False,0
parisluxurylifestyle,None,3808,"ğŸ›ï¸ Strolling Through Time: Paris' Haussmannian Marvels ğŸŒŸ  Discover the heart of Paris through its iconic Haussmannian buildings. These architectural masterpieces, with their uniform facades, wrought-iron balconies, and grand boulevards, define the city's timeless elegance. ğŸŒ†ğŸ‡«ğŸ‡·  Stroll along the wide avenues and be captivated by the harmonious symmetry and intricate details of these urban palaces. These buildings are not just structures; they're the soul of Paris, narrating stories of a bygone era of grandeur and opulence. ğŸ°ğŸ’«  Experience the essence of Parisian charm in every corner of these historical streets: avenue de CamoÃ«ns, rue de Rivoli, rue de Rennes, boulevard Saint-Germain or avenue de l'OpÃ©ra  Great pictures by @petch77 ğŸ›ï¸ğŸŒ¹ğŸ“¸ğŸ‡«ğŸ‡·  #HaussmannArchitecture #ParisianChic #HistoricParis #FrenchElegance #CityOfLights #ArchitecturalWonders #RuesdeParis #ClassicParis #TravelParis #ExploreParis #FrenchHistory #ParisianStyle #UrbanBeauty #IconicParis #BelleEpoque #ParisLove #ParisTourism #FrenchHeritage #Haussmann#ParisianLife #ParisianStreets #Parigi #Paris",2024-10-29,17:15,471905,5,132,8,1,23,False,0
jimdonahueimages,"TromsÃ¸, Norway",6,One more over #trompsÃ¸,2017-09-01,17:13,495,1,4,0,0,1,False,0
vollelver,"TromsÃ¸, Norway",392,Bring me back to the rockies ğŸ—»,2018-06-10,18:11,3383,1,7,1,0,0,False,0
jstn.sight,"Seattle, Washington",626,Waking up on a Friday!!! ğŸ‘ŒğŸ¼,2024-06-28,13:42,13690,4,6,2,0,0,False,0
gussnap,à¸à¸£à¸¸à¸‡à¹€à¸—à¸à¸¡à¸«à¸²à¸™à¸„à¸£-Bangkok,922,"Bangkok, Thailand Celebrating King Rama X  à¹‚à¸”à¸£à¸™à¹à¸›à¸£à¸‚à¸šà¸§à¸™ à¸‡à¸²à¸™à¸¡à¸«à¸£à¸ªà¸à¸ªà¸¡à¹‚à¸ à¸Šà¹€à¸‰à¸¥à¸´à¸¡à¸à¸£à¸°à¹€à¸à¸µà¸¢à¸£à¸•à¸´ â€œ à¹€à¸‰à¸¥à¸´à¸¡à¸à¸£à¸°à¸Šà¸™à¸¡à¸à¸£à¸£à¸©à¸² à¹– à¸£à¸­à¸š â€œ  __________________________________________  #canonthailand #amazingthailand #bangkok #thailand #canonasia #webangkok #urbanromantix #voyaged #travelthailand #madewithlightroom #nightshooters #moody_shotz_ #stayandwander #cityscapes #way2ill #photooftheday #artofvisuals #depthofearth #discoverthailand #worldviewmag #earthpix #citygrammers #beautifuldestinations #photography #travellingthroughtheworld #earthofficial #à¹€à¸—à¸µà¹ˆà¸¢à¸§à¹€à¸¡à¸·à¸­à¸‡à¹„à¸—à¸¢à¸—à¸²à¸‡ig #à¹€à¸—à¸µà¹ˆà¸¢à¸§à¸à¸£à¸¸à¸‡à¹€à¸—à¸ #à¹€à¸—à¸µà¹ˆà¸¢à¸§à¹€à¸¡à¸·à¸­à¸‡à¹„à¸—à¸¢à¹„à¸¡à¹ˆà¹„à¸›à¹„à¸¡à¹ˆà¸£à¸¹à¹‰",2024-07-12,13:58,13542,4,43,0,0,29,False,0
erin_digital,"Auckland, New Zealand",51,"Aukland New Zealand is a city made up of 1.5 million people. The city is surrounded by 53 volcanos in the field and have produced a diverse array of maars (explosion craters), tuff rings, scoria cones, and lava flows.ğŸŒ‹ğŸª¨  New Zealand is known for its indigenous Maori culture and its picturesque landscape, while Aukland shows the culture in many ways itâ€™s been a very different experience than what I expected. Iâ€™ve had an amazing time exploring Aukland and canâ€™t wait to continue this journey!ğŸ‡³ğŸ‡¿  Be on the lookout for more photos. ğŸ“¸ğŸ‘€  #aukland #newzealand #mounteden #photography #travel",2024-07-03,20:10,284,5,97,4,0,5,False,2
vivek_.vk,"Barcelona, Spain",808,Barcelona Boundâ¤ï¸ğŸ‡ªğŸ‡¸,2024-06-27,10:39,1335,10,2,1,0,0,False,0
karinabnyc,"Barcelona, Spain",6182,Barcelona recs ğŸ“ save for later: Hotels ğŸ¨@nobubarcelona @mo_barcelona @wbarcelona @editionbarcelona Museums ğŸº @museunacional @fundaciomiro Coffee â˜•ï¸ @oniscoffee @thecoffee.jp Brunch ğŸ§‡ @brunchandcake.esp Ice cream ğŸ¨ @bodevici Bars & dining ğŸ·ğŸ¥“ @pacomeralgobcn @14delarosa @barmutbarcelona @lagraciosa.gastrobar @barsalvatge @barbrutalbarcelona @vinyadelsenyor @quimet.quimet,2024-07-18,15:46,690775,10,38,8,17,0,False,0
africansafariportfolio,"Clifton, Western Cape, South Africa",1175,#cittadelcapo #viaggiosudafrica #safarisudafrica #sudafrica #safarisudafricano #viaggiosudafricano #viaggiosudafricano #safari #visitsouthafrica #capetownbeaches,2021-02-09,19:27,12009,1,10,0,0,10,False,0
holidayguru.it,Lions Head Mountain Capetown,148,"Sapevate che la Table Mountain Ã¨ interessata da un fenomeno atmosferico molto particolare chiamato Tablecloth (ovvero tovaglia)? â˜ï¸ğŸ½ï¸ In pratica si tratta di una coltre di nubi che scende lungo i fianchi della montagna, proprio come una tovaglia! Spettacolare ğŸ˜Œ ------------------- #tablemountains #sydafrika #capetown #southafrica #sudafrica #cittadelcapo #africa #igrandiviaggi #travelgram #instaafrica #instasudafrica #instacittadelcapo #instacapetown #visitcapetown #visitcittadelcapo #ig_sudafrica #igsouthafrica #igtablemountain #igers_sudafrica #igers_southafrica #instatravel #instaviaggio #diariodiviaggio #viaggiare #viaggio #holidayguru #holidayguruit #holidayguruğŸ‡®ğŸ‡¹",2019-01-10,05:05,24580,1,69,3,0,28,False,3
kelvin_1860,"Trento, Castello Del Buon Consiglio",6,#castellobuonconsigliotrentoğŸ° #trento #trentino #italyğŸ‡®ğŸ‡¹ #italytravel,2024-12-18,05:20,270,1,5,1,0,5,False,1
giacomo_cardea,"Rome, Italy",12689,Roma come un Quadro ğŸŒ† . . #roma #igersroma #riprendiamociroma #romaempire #colosseo #vittoriano,2024-10-14,18:19,58247,9,13,1,0,6,False,0
ivan_farca,None,420,"The sun plays hide and seek with these majestic rock formations, painting the ocean in hues of farewell.  Watch the day kiss the night in this breathtaking timelapse.  A moment frozen in time, where light and shadow embrace. âœ¨  #sdsunsetchasers #TimelapseMagic #NatureLover #OceanSunset #RockFormations #ifarca #PhotoOfTheDay #SunsetLovers #Timelapse #NatureArt #RockAndOcean",2024-11-26,02:23,20064,1,50,1,0,11,False,0
jeff_vanuga,None,531,Last light on the Pinnacles in the Shoshone National Forest this past summer. Always worth a click on the camera!  #shoshonenationalforest #wyoming #wyomingphotographer #landscapephotography #ig_landscape #landscape_nightscape #landscapesphotographer #nikonusa #thinktankphoto #nikonglobal #jacksonhole #duboiswyoming,2024-10-22,20:58,12260,1,32,0,0,12,False,0
kauai_hawaiii,None,820,#havealohawilltravel #paradise #hawaiians #hikehawaii #hawaiishoots #royalhawaiian #tropicalstyle #hawaiikai #islandlifestyle #mauibound #hawaiivacation #hiltonhawaiianvillage #hawaiisbestphotos #hawaiitag #hawaiitrip #aulanidisneyresort #bluehawaii #funtotrip #HawaiianAirlines #hawaiiangirl #hawaiibound #hawaiiherewecome #hawaiiliving #hawaiilove #kauailife #kauaihawaii #islandparadise #beachday #islandliving #tropical,2024-12-16,16:19,40026,1,30,0,0,30,False,0
addictingbeach,Maldives Islands,406,Rate these places from 1-10 ğŸ˜ Double tap â™¥ï¸ if you love this! â– Pictures ğŸ“¸ @? â– ___________________________ Follow ğŸ‘‰ @addictingbeach ğŸ‘ˆ Follow ğŸ‘‰ @addictingbeach ğŸ‘ˆ Follow ğŸ‘‰ @addictingbeach ğŸ‘ˆ ___________________________ â– ğŸ”” Turn on post notification,2024-12-16,20:00,108344,1,38,13,3,0,False,0
outthere_travels,Planet Earth,347,2024 was a big year for international travel for us! Featured here: ğŸ”ï¸New Zealand (1-3) ğŸ”·Greece (4-6) â›µTahiti (7-9)  And the year is not over yet! T-2 weeks until we head back to South America for a wedding (and some travel)! We'll be heading back to Argentina and visiting Uruguay for the first time! Drop your tips below ğŸ¤—  Feeling beyond grateful for this life â¤ï¸ thanks for hanging with us on this journey!  Get out there âœŒï¸,2024-12-11,13:47,14867,9,78,6,0,0,False,0
alpscape,Dolomites UNESCO,532,[ğ—¥ğ—²ğ—½ğ—¼ğ˜€ğ˜] . . Peaceful and proud . . . ğŸ“· by :@_zoomingnature_ . . . âœ… Segui @alpscape âœ… Tagga @alpscape âœ… Usa #alpscape per poter essere pubblicati sulla nostra pagina IG . . . Alpscape Ã¨ social partner di @lagophotofestalpago . . . #alpscape #landscape_photo #paesaggioitaliano #landscape_features_ #paesaggio_italiano #landscapestylesgf #fotografiadipaesaggio #landscapephotograpy #paesaggioalpino #landscapephotos #mountainlife #vitainmontagna #mountain #montagna #amarelamontagna #cima #dolomiti #alpi #nature #natura #hiking #trekking #escurisione #mountaineering #mountainlovers #mountainstories #mountainview #belvedere #storiedimontagna,2024-12-20,11:00,41919,1,73,4,3,30,False,0
vitor.esteves,New Zealand,691,Endless waves of light and shadowâ€”Lindis Pass unveils its artistry from above. The rolling hills and intricate patterns carved by nature create a mesmerizing dance of textures across the mountain range. Pure New Zealand magic . . #lindispass #newzealand #southisland #aerialphotography #dronephotography,2024-12-16,16:46,18763,1,42,0,0,5,True,2
swissphotoclub,None,414,"Zurich: Exhibition open!â  â  It's our pleasure to exhibit this beautiful long-exposure landscape photo, ""A kiss of light"" by @tbmp_photography at the SPC Photo Awards from 5.-14. Dezember in Zurich. Good luck!â â  â  ğŸ™Œâ  â  The exhibition is FREE and open to everyone. You're invited, and bring your friends! Check out our website to stay up to date on the latest (link in bio).â  â  During the exhibition, visitors choose their favorite 3 photos. These votes determine who will take home a great prize from @canonswitzerland, @lumecube @jobyeurope, @loweprobags, @tenbabags and @shimodadesign.â  â  Follow us @swissphotoclub for more great photos like this one.",2024-12-08,06:00,25813,1,103,1,8,0,False,0
senbenito_,"Lake Kawaguchiko, Mt. Fuji",327,Golden hour Mount Fuji ğŸ—»  #MountFuji #GoldenHour #CyclingAdventures #VintageVibes #TravelJapan #NaturePhotography #FujiMoments #RetroAesthetic #SereneScenery #ExploreJapan #x100v #cinematicphotography,2024-12-11,13:43,19493,4,17,1,0,12,False,2
dinokuznik,None,4019,Desert appreciation repost ğŸœï¸ â€” Hereâ€™s hoping to wander the desert more often in 2025 ğŸ¤,2024-12-20,19:24,74005,1,16,2,0,0,False,0
timoksanen,KilpisjÃ¤rvi,608,"18.10.2023 23:26  ğŸ“· Canon R6 II, 14 mm, f/1.8, 2 s, ISO 6400  #kilpisjÃ¤rvi #tsahkaljÃ¤rvi #enontekiÃ¶lapland #visitlapland #onlyinlapland #ig_finland #visitfinland #discoverfinland #suomiretki #outdoorfinland #nightphotography #yleluonto #northernlights #auroraborealis #canonnordic",2024-12-22,11:52,95669,1,28,1,0,15,True,3
parks.canada,None,1460,"â„ï¸ Snowflakes are falling, and adventure is calling! â„ï¸  Winter has officially arrived! ğŸ¥¶ In Canada, we know winter is more than just a season â€“ itâ€™s a way of life. ğŸ˜ Thatâ€™s why Parks Canada is here to remind you just how awesome the colder months can be! â›·ï¸ Whether you're carving up mountain trails or adventuring through frosty forests, your next winter adventure is waiting to be uncovered! ğŸ‘€  Donâ€™t hibernate this winterâ€¦ Get outside, bundle up, and letâ€™s make this season unforgettable! ğŸ¤©  Click the link in our bio to plan your Parks Canada winter adventure now! ğŸ”—  ğŸ“·: Parks Canada  #ParksCanada #NationalPark #Winter #FirstDayOfWinter #WinterSolstice #Canada #Adventure #WinterActivities #ParksCanadaWinter #CanadianWinter",2024-12-21,18:30,601206,4,114,9,0,10,False,0
oi3776,"å¯Œå£«å±±, Fujisan",618,åµã®å¾Œã®ç‡ƒãˆã‚‹ç©º  #å¯Œå£«å±±,2024-12-21,09:09,54072,3,2,0,0,1,False,0
gabcarrillo,None,2282,"Premio BIAU CLIMAS 24 y Medalla de Plata Arquitectura Patrimonial BAQ 24 para nuestra Aduana San Blas de nuestro @c733_ / Felices, Agradecid@s, con ganas de estar muy pronto otra vez en San Blas â¤ï¸ #trabajodeequipo @robertorosales @sofpavon @hugosanchez.paisaje @luzenarquitectura @rodrigoremolinaarq @abrahamespindola @israelespin @eric_valdez_olmedo @carlosfacio @chxipe @sedatu_mx @meyerfalcon f. @rafaelgamo",2024-11-23,06:10,52470,5,50,1,14,1,False,0
missinplace_,Napoli,632,"â€˜A bandiera tutta azzurra ğŸ©µ Ca rassumiglia â€˜o cielo ğŸŒ  E â€˜o mare â€˜e sta cittÃ  âœ¨  ğŸ“ğ‘µğ’‚ğ’‘ğ’ğ’ğ’Š, ğ‘°ğ’•ğ’‚ğ’ğ’Šğ’‚ ğŸ‡®ğŸ‡¹ â€¢ â€¢ â€¢ #napoli #naples #napolidavivere #volgonapoli #vitadapartenopei #igersnapoli #napolipix #cityscape #napoli #napolinstagram #napoli_foto #napolitoday #napolimania #napoligram #spaccanapoli #vedinapoliepoitorni #italyvacation #neapolis_ #unpostoalsole #paesagginapoletani #ig_italia #shotz_of_campania #shotz_of_napoli #italytravel",2024-06-19,19:37,2900,10,47,4,0,24,True,25
ryandyar,Norway,2563,"Arctic Norway by nightâ€¦ just not in the summer with that pesky annoying sunlight.  Join the live, interactive, online, deep-dive processing bootcamp. Both are very small groups. One dedicated to beginners and one dedicated to the more advanced. Learn about them at www.ryandyar.com",2024-11-05,09:48,165160,9,43,0,0,0,True,2
piratinviaggio,None,1952,"Parigi da sogno! ğŸ’™ Pirati, abbiamo trovato un hotel da sogno in una delle vostre cittÃ  preferite: la romanticissima Parigi!  ğŸ¥° La struttura che vi proponiamo presenta una posizione incredibile, nel pieno centro cittÃ , con viste sulla Cattedrale di Notre Dame e sulla Senna. Le camere e le aree comuni dell'hotel sono decorate in maniera artistica, vi sembrerÃ  di alloggiare all'interno di un museo!  ğŸ‘€ Tanti esempi di date disponibili, in Primavera ed Estate. Approfittatene e prenotate!  ğŸ™Œ Cliccate sul tag per tutte le info!",2022-05-06,12:17,1329803,1,85,4,0,0,False,0
livelove.paris,"Paris, France",1829,Lâ€™incroyable ciel dâ€™hier soir!  ğŸ“· by @elisabarg ğŸ“Boulevard du Montparnasse - Paris  @ledomemontparnasse #ledome #sunsetlovers #skyporn #architectureparisienne #architecture #amazingsky #exploreparis #parisjetaime #parisvibes #parisianlifestyle #icicestparis #mylittleparis #myparisstyle #mybeautifulparis #parisgram #parisianvibes #paris_focus_on #parismaville #parisfrance #parÃ­s #parigi #ãƒ‘ãƒª #Ø¨Ø§Ø±ÙŠØ³ #å·´é» #Ğ¿Ğ°Ñ€Ğ¸Ğ¶ #parisismagic #seemyparis #visitparis,2024-11-14,13:37,117000,1,41,2,2,28,False,0
